"sentence_id","un","unsure","neut","neg","pos"
9385,0,0,1,0,0
9425,1,1,1,1,0
9447,1,1,0,1,0
9448,1,0,1,1,0
9613,0,0,1,0,0
9650,1,0,1,1,0
9852,0,1,1,0,0
9998,0,0,0,0,0
10063,0,0,2,0,2
10136,0,4,0,0,0
10344,1,0,0,1,0
10491,1,0,1,1,0
10539,0,1,0,0,0
10619,0,1,2,0,0
10691,1,0,0,1,0
10708,0,1,2,0,1
10716,1,0,1,1,0
10781,0,0,0,0,0
10817,1,1,0,1,0
10832,0,0,1,0,2
10876,1,0,1,1,0
10889,0,0,4,0,0
11014,2,0,0,2,0
11136,1,0,0,1,0
11331,0,1,0,0,2
11338,2,0,0,2,0
11453,1,0,0,1,0
11458,0,0,1,0,0
11516,0,0,0,0,0
11598,0,0,4,0,0
11666,1,0,0,1,0
11668,1,0,1,1,0
11930,1,0,0,1,0
11948,0,0,0,0,0
11971,0,0,0,0,0
12009,0,0,4,0,0
12023,0,0,0,0,3
12057,0,0,3,0,0
12206,0,1,3,0,0
12214,0,1,3,0,0
12374,0,0,1,0,3
12382,2,0,0,2,0
12444,0,1,2,0,0
12447,1,0,0,1,0
12463,1,0,1,1,0
12477,2,0,0,2,0
12484,0,0,1,0,3
12502,1,0,1,1,0
12516,1,0,2,1,0
12550,1,0,2,1,0
12557,0,0,4,0,0
12586,0,1,1,0,0
12609,0,2,2,0,0
12707,0,1,2,0,1
12715,0,0,2,0,2
12736,0,0,4,0,0
12817,1,0,1,1,0
12850,1,1,1,1,0
12887,0,0,0,0,0
12912,0,0,4,0,0
12916,1,0,1,1,0
12939,0,0,4,0,0
12970,2,0,0,2,0
12983,0,0,4,0,0
13026,1,0,1,1,0
13029,1,0,0,1,0
13273,1,0,1,1,0
13347,0,0,0,0,0
13375,0,0,1,0,0
13384,0,0,4,0,0
13432,0,0,3,0,0
13454,1,1,0,1,0
13476,1,0,0,1,0
13551,0,0,0,0,0
13556,1,0,0,1,0
13590,1,0,0,1,0
13707,0,0,0,0,0
13793,1,0,0,1,0
13815,2,0,0,2,0
13832,1,0,0,1,0
13901,1,0,1,1,0
14088,1,0,0,1,0
14242,1,1,0,1,0
14245,1,0,0,1,0
14318,0,0,4,0,0
14373,0,0,4,0,0
14390,0,1,2,0,0
14490,1,0,0,1,0
14523,0,1,3,0,0
14532,2,0,0,2,0
14544,1,0,3,1,0
14553,0,0,4,0,0
14698,0,0,0,0,3
14725,2,0,0,2,0
14825,1,0,1,1,0
14969,0,0,1,0,0
15007,1,0,1,1,0
15077,1,0,0,1,0
15225,0,0,1,0,2
15243,2,0,0,2,0
15248,0,0,0,0,1
15276,1,0,0,1,0
15319,1,0,1,1,0
15374,1,0,0,1,0
15381,0,0,3,0,0
15553,1,0,0,1,0
15722,0,0,4,0,0
15812,1,0,0,1,0
15882,0,0,3,0,0
15909,1,0,1,1,1
15931,2,0,0,2,0
15965,0,0,3,0,0
16038,1,0,1,1,0
16043,0,0,2,0,0
16276,1,0,0,1,0
16285,0,1,2,0,0
16410,1,0,0,1,0
16414,1,1,1,1,0
16451,0,0,3,0,0
16491,0,1,0,0,0
16508,0,0,3,0,0
16524,1,0,0,1,0
16562,0,0,0,0,3
16621,0,1,1,0,1
16769,1,0,1,1,0
16781,1,0,1,1,0
16820,1,0,0,1,0
16862,0,0,1,0,0
16957,1,0,0,1,0
17036,0,0,3,0,0
17083,1,0,0,1,0
17137,0,1,2,0,0
17194,2,0,0,2,0
17197,0,0,0,0,0
17222,0,0,1,0,0
17249,0,0,3,0,0
17262,0,0,3,0,0
17303,1,0,0,1,0
17430,1,1,1,1,0
17471,0,0,0,0,0
17525,0,0,0,0,0
17559,0,1,0,0,0
17588,0,0,1,0,0
17612,1,0,0,1,0
17743,1,1,1,1,0
17846,0,0,2,0,0
17878,0,2,0,0,1
17967,0,0,2,0,0
18121,1,0,0,1,0
18129,1,0,2,1,0
18157,0,0,3,0,0
18175,0,0,3,0,0
18196,1,1,1,1,0
18261,1,0,0,1,0
18328,0,0,3,0,0
18367,0,0,1,0,0
18566,1,0,0,1,0
18586,0,0,2,0,1
18777,1,1,1,1,0
18903,0,0,2,0,0
18921,1,0,0,1,0
18952,1,1,2,1,0
19054,0,0,0,0,0
19108,1,1,1,1,0
19109,1,0,1,1,0
19110,0,0,3,0,0
19135,1,0,0,1,1
19178,2,0,0,2,0
19193,0,2,1,0,0
19285,1,0,0,1,0
19438,0,1,0,0,2
19448,1,0,1,1,0
19595,2,0,0,2,0
19643,0,0,4,0,0
19725,0,2,0,0,0
19798,1,1,1,1,0
19834,1,0,0,1,0
19981,0,0,0,0,3
20029,0,1,2,0,0
20030,1,1,0,1,2
20134,0,1,2,0,0
20177,0,0,0,0,0
20195,0,0,3,0,0
20254,1,0,0,1,0
20278,2,0,0,2,0
20374,1,0,0,1,0
20421,0,1,1,0,0
20444,1,1,1,1,0
20512,0,0,3,0,0
20690,1,0,1,1,0
20691,0,0,0,0,0
20693,1,0,1,1,0
20868,0,0,0,0,3
20871,2,0,0,2,0
20927,1,0,1,1,0
20972,0,0,3,0,0
21098,0,1,2,0,0
21115,1,1,1,1,0
21116,0,0,3,0,0
21250,1,1,0,1,0
21260,0,0,0,0,0
21308,1,0,1,1,0
21345,1,0,0,1,0
21352,0,0,0,0,1
21361,0,0,0,0,0
21389,2,0,0,2,0
21516,1,1,0,1,0
21523,1,1,1,1,0
21533,0,2,1,0,0
21591,0,0,3,0,0
21593,2,0,0,2,0
21659,0,0,0,0,3
21667,0,0,0,0,3
21684,1,0,0,1,0
21730,0,0,3,0,0
21739,0,0,3,0,0
21797,1,0,0,1,0
21864,1,0,1,1,0
21915,2,0,0,2,0
21919,0,0,1,0,2
22175,0,0,0,0,3
22218,1,0,0,1,0
22220,0,0,0,0,0
22247,1,0,0,1,0
22255,1,0,0,1,0
22314,1,0,2,1,0
22354,0,1,2,0,0
22430,0,0,0,0,3
22489,0,0,4,0,0
22499,1,0,0,1,0
22536,2,0,0,2,0
22715,1,0,2,1,0
22875,1,0,0,1,1
22947,1,0,3,1,0
23007,1,0,0,1,0
23016,2,0,0,2,0
23065,2,0,0,2,0
23099,1,0,1,1,0
23132,0,0,2,0,1
23138,1,0,0,1,0
23216,0,0,0,0,0
23227,0,0,3,0,0
23288,2,0,0,2,0
23347,1,0,2,1,0
23368,0,0,0,0,4
23388,1,2,0,1,0
23494,0,0,0,0,0
23564,0,0,3,0,0
23572,0,1,0,0,2
23601,0,0,0,0,3
23627,2,0,0,2,0
23632,0,0,3,0,0
23633,1,0,1,1,0
23670,1,0,0,1,0
23708,0,1,2,0,0
23729,1,0,0,1,0
23824,1,1,2,1,0
23864,0,0,3,0,0
23910,1,0,0,1,0
24039,0,0,0,0,3
24104,1,1,1,1,0
24586,0,2,1,0,0
24761,1,0,0,1,0
24804,0,0,0,0,0
24830,1,0,0,1,0
24887,0,0,3,0,0
24944,1,0,0,1,0
24978,1,0,0,1,0
25042,0,3,0,0,0
25074,0,0,3,0,0
25097,0,0,3,0,0
25112,0,0,3,0,0
25157,0,0,0,0,0
25164,1,0,0,1,0
25265,0,0,3,0,0
25268,0,1,3,0,0
25303,1,0,0,1,0
25306,1,0,0,1,0
25366,0,1,0,0,3
25421,0,0,0,0,3
25525,1,0,0,1,0
25527,0,0,3,0,0
25598,0,0,1,0,2
25659,1,0,1,1,0
25748,1,0,0,1,0
25754,1,0,0,1,0
25895,0,2,1,0,0
25908,1,0,0,1,0
25994,1,0,0,1,0
25995,1,0,1,1,0
26107,0,0,3,0,0
26184,0,0,3,0,0
26217,0,0,3,0,0
26249,1,0,0,1,0
26315,1,0,2,1,0
26445,0,0,2,0,0
26462,0,0,0,0,3
26526,0,0,0,0,3
26545,0,0,1,0,0
26661,1,0,0,1,0
26709,1,0,0,1,0
26718,1,0,0,1,0
26768,0,0,3,0,0
26872,0,1,2,0,0
26915,1,0,0,1,0
26941,1,0,0,1,0
26961,0,0,0,0,0
26979,0,1,2,0,0
27168,1,0,1,1,0
27358,1,0,0,1,0
27412,1,0,2,1,0
27457,1,0,1,1,0
27496,1,0,1,1,0
27556,1,1,0,1,0
27587,0,0,3,0,0
27591,0,0,3,0,0
27664,0,0,0,0,3
27741,0,1,0,0,2
27779,1,0,0,1,0
27794,0,0,3,0,0
27843,1,0,0,1,0
27853,0,0,0,0,0
27912,0,0,3,0,0
27932,0,0,0,0,0
28010,1,0,2,1,0
28016,0,1,0,0,0
28047,1,0,0,1,0
28055,1,0,2,1,0
28069,0,1,2,0,0
28070,1,1,1,1,0
28125,1,0,0,1,0
28314,1,0,0,1,0
28325,0,0,0,0,3
28458,0,0,3,0,0
28553,1,0,2,1,0
28618,0,0,1,0,0
28636,1,0,0,1,0
28651,0,0,0,0,0
28656,0,3,0,0,0
28697,1,0,0,1,0
28755,0,0,1,0,2
28762,1,0,0,1,0
28854,1,0,0,1,0
28886,0,0,2,0,0
28896,1,1,1,1,0
28983,0,2,1,0,0
29021,0,0,4,0,0
29044,1,0,0,1,0
29083,0,1,0,0,2
29129,0,0,0,0,0
29153,1,1,1,1,0
29239,1,0,0,1,0
29256,1,2,0,1,0
29284,1,0,0,1,0
29313,0,1,2,0,0
29408,0,1,2,0,0
29446,0,1,0,0,0
29479,1,0,0,1,0
29493,1,0,0,1,0
29714,1,0,0,1,0
29864,0,0,3,0,0
29884,0,0,3,0,0
29931,0,0,4,0,0
29939,1,0,0,1,0
29994,1,0,0,1,2
30112,1,0,0,1,0
30252,1,0,1,1,0
30390,1,0,2,1,0
30392,0,0,3,0,0
30414,1,0,1,1,0
30506,0,0,2,0,0
30548,0,0,3,0,0
30719,0,1,2,0,0
30722,1,0,0,1,0
30745,0,2,0,0,0
30750,1,0,0,1,0
30785,0,0,3,0,0
30842,1,2,0,1,0
30919,1,0,0,1,0
30941,0,1,2,0,0
30954,0,1,1,0,1
30975,1,0,0,1,0
31005,1,0,0,1,0
31052,1,1,0,1,0
31113,0,0,3,0,0
31116,1,0,1,1,0
31190,1,0,0,1,0
31212,1,0,0,1,0
31234,0,0,0,0,0
31422,1,0,0,1,0
31457,0,0,3,0,0
31557,1,0,0,1,0
31589,1,0,0,1,0
31700,1,0,0,1,0
31735,0,0,4,0,0
31766,0,0,0,0,0
31809,1,0,0,1,0
31916,0,0,3,0,0
32049,1,0,0,1,0
32050,1,0,0,1,0
32111,0,0,1,0,2
32143,0,1,0,0,2
32147,1,0,0,1,0
32156,1,0,0,1,0
32194,1,0,0,1,0
32219,0,1,2,0,0
32411,1,0,0,1,0
32489,0,0,3,0,0
32628,1,0,0,1,0
32719,0,0,3,0,0
32744,1,0,0,1,0
32755,1,0,0,1,0
32844,1,0,0,1,0
32918,0,0,3,0,0
33123,0,0,3,0,0
33188,1,0,3,1,0
33308,0,2,1,0,0
33383,1,0,0,1,0
33421,1,0,0,1,0
33422,1,0,0,1,0
33437,0,0,1,0,0
33536,1,1,1,1,0
33553,1,0,0,1,0
33643,0,0,4,0,0
33708,0,1,0,0,1
33741,1,0,2,1,0
33800,0,0,1,0,0
33924,0,0,3,0,0
33982,0,0,2,0,1
34148,0,0,1,0,2
34198,1,0,0,1,0
34235,0,1,2,0,0
34278,1,0,1,1,0
34446,0,0,3,0,0
34624,1,1,1,1,0
34656,0,0,0,0,0
34812,0,0,0,0,4
34937,1,0,0,1,0
34965,0,1,1,0,0
34976,1,0,0,1,0
35064,1,0,0,1,0
35207,1,0,0,1,1
35409,0,2,0,0,1
35520,1,0,0,1,0
35545,0,0,3,0,0
35592,0,0,3,0,0
35607,1,0,0,1,1
35627,0,0,1,0,2
35663,0,0,0,0,3
35747,1,1,0,1,0
35794,1,0,0,1,0
35894,0,0,4,0,0
35941,0,0,0,0,0
36159,1,1,0,1,0
36180,1,0,0,1,0
36213,0,0,0,0,0
36282,0,0,0,0,3
36319,0,0,3,0,0
36324,1,0,0,1,0
36381,1,0,0,1,0
36395,1,0,0,1,0
36405,1,0,2,1,0
36425,0,0,3,0,0
36473,1,0,0,1,0
36549,0,0,0,0,0
36563,1,0,0,1,0
36676,1,0,0,1,0
36693,1,0,0,1,0
36760,1,0,0,1,0
36779,0,2,0,0,1
36808,0,1,2,0,0
36969,0,1,1,0,1
36997,1,0,0,1,0
37007,0,0,3,0,0
37035,1,0,0,1,0
37050,1,0,0,1,0
37052,1,1,1,1,0
37239,1,1,0,1,0
37275,1,0,0,1,0
37420,0,0,4,0,0
37463,1,0,1,1,0
37507,0,0,2,0,1
37596,0,0,3,0,0
37638,0,0,3,0,0
37650,1,0,0,1,0
37659,1,0,0,1,0
37693,1,0,1,1,0
37805,1,0,0,1,0
37866,1,0,0,1,0
37876,1,0,0,1,0
38028,0,0,3,0,0
38158,0,0,3,0,0
38178,0,0,0,0,0
38222,1,0,0,1,0
38241,1,0,0,1,0
38575,1,0,0,1,0
38669,1,1,1,1,0
38781,0,1,0,0,0
38843,0,0,0,0,3
38874,0,0,0,0,3
38910,1,0,1,1,0
38937,1,1,1,1,0
38958,0,1,0,0,2
39034,1,0,0,1,0
39057,0,1,2,0,0
39091,1,1,1,1,0
39099,0,0,0,0,0
39169,0,2,0,0,1
39313,1,1,1,1,0
39318,1,0,0,1,0
39401,0,0,3,0,0
39501,0,1,2,0,0
39555,1,1,1,1,0
39611,1,0,0,1,0
39947,0,0,2,0,1
39984,1,0,0,1,0
40056,1,1,1,1,0
40081,1,1,1,1,0
40143,0,0,0,0,0
40173,0,1,1,0,0
40185,0,1,1,0,2
40192,1,0,0,1,0
40215,0,0,0,0,0
40351,1,1,1,1,0
40382,1,0,0,1,0
40505,1,0,0,1,0
40545,1,0,0,1,0
40547,1,0,0,1,0
40571,1,0,0,1,0
40616,1,0,1,1,0
40703,0,0,1,0,2
40752,0,0,1,0,2
40785,1,0,0,1,0
40807,0,0,3,0,0
40845,0,1,2,0,0
40873,0,1,2,0,0
40885,1,0,0,1,0
40916,0,0,1,0,2
40945,0,1,2,0,0
40972,1,1,1,1,0
40995,1,1,1,1,0
41026,1,1,1,1,0
41032,1,1,1,1,0
41164,1,0,0,1,0
41203,1,0,0,1,0
41205,1,1,1,1,0
41280,0,1,2,0,0
41333,1,0,3,1,0
41478,1,0,0,1,0
41546,0,0,0,0,3
41616,0,0,3,0,0
41644,0,2,1,0,0
41752,1,1,1,1,0
41895,0,0,3,0,0
41960,1,0,0,1,0
42063,1,0,0,1,0
42095,0,2,0,0,1
42186,1,0,2,1,0
42196,0,1,0,0,1
42266,1,0,0,1,0
42297,1,0,0,1,0
42330,0,0,1,0,2
42411,1,0,0,1,0
42495,0,0,3,0,0
42528,0,0,3,0,0
42580,0,0,2,0,0
42587,1,0,0,1,0
42630,0,0,0,0,0
42859,0,0,3,0,0
42862,1,0,0,1,0
43069,0,0,3,0,0
43111,0,0,0,0,3
43252,1,0,0,1,0
43455,1,0,0,1,0
43472,1,0,0,1,0
43488,0,0,0,0,0
43875,1,0,2,1,0
44066,0,0,3,0,0
44092,1,0,0,1,0
44102,1,0,0,1,0
44122,0,0,3,0,0
44125,1,1,1,1,0
44156,1,1,1,1,0
44262,0,0,3,0,0
44346,0,0,3,0,0
44391,1,0,2,1,0
44450,1,0,0,1,0
44502,1,0,0,1,0
44543,0,1,1,0,1
44555,0,0,3,0,0
44711,0,0,0,0,0
44768,1,0,0,1,0
44809,0,0,0,0,0
44814,0,1,1,0,1
44853,1,0,0,1,0
44873,1,0,0,1,0
44988,0,0,0,0,0
45088,0,0,0,0,0
45123,0,0,3,0,0
45134,0,0,3,0,0
45137,1,0,1,1,0
45140,1,0,0,1,0
45276,0,0,3,0,0
45285,0,0,3,0,0
45303,0,0,0,0,0
45364,1,0,1,1,0
45496,0,0,4,0,0
45562,0,0,2,0,1
45563,0,0,3,0,0
45634,0,0,0,0,3
45657,0,0,0,0,0
45796,1,0,1,1,0
45812,0,0,2,0,0
45871,0,1,1,0,1
46020,0,0,0,0,0
46077,1,0,0,1,0
46150,1,0,0,1,0
46169,1,0,0,1,0
46296,0,0,3,0,0
46392,1,0,0,1,0
46472,0,0,0,0,0
46480,1,0,0,1,0
46528,1,0,0,1,0
46662,0,1,2,0,0
46691,1,0,0,1,0
46718,1,0,0,1,0
46880,0,1,2,0,0
46884,1,0,0,1,0
46916,0,1,1,0,1
46992,0,1,0,0,1
47007,1,0,1,1,0
47104,1,0,0,1,0
47214,1,0,1,1,0
47249,0,0,3,0,0
47377,0,3,0,0,0
47393,0,0,0,0,3
47426,0,0,3,0,0
47434,0,1,3,0,0
47443,0,0,1,0,0
47480,1,0,0,1,0
47539,0,0,3,0,0
47567,0,0,0,0,3
47700,0,0,0,0,3
47712,0,0,3,0,0
47803,1,0,0,1,0
47835,0,0,0,0,0
47872,0,0,3,0,0
47877,0,0,0,0,0
47968,0,0,2,0,1
48009,1,0,0,1,0
48100,0,0,2,0,0
48102,1,0,0,1,0
48150,1,0,2,1,0
48152,0,2,0,0,1
48209,0,0,0,0,0
48247,0,0,3,0,0
48262,1,0,0,1,0
48299,0,1,2,0,0
48392,0,1,1,0,1
48433,1,0,0,1,0
48475,1,0,0,1,0
48561,1,0,0,1,0
48702,1,0,2,1,0
48830,1,0,0,1,0
48832,0,0,3,0,0
48873,1,0,0,1,0
49078,0,0,0,0,0
49093,1,0,0,1,0
49101,0,0,0,0,0
49182,1,0,0,1,0
49328,0,0,3,0,0
49344,0,0,1,0,0
49370,0,1,2,0,0
49437,1,0,0,1,0
49472,0,0,3,0,0
49561,0,0,3,0,0
49582,1,0,0,1,0
49613,1,0,2,1,0
49739,0,0,1,0,0
49753,0,0,3,0,0
49831,0,0,0,0,3
49928,1,0,0,1,0
49964,1,0,0,1,0
50066,1,0,2,1,0
50188,0,0,3,0,0
50213,0,0,4,0,0
50230,0,0,3,0,0
50245,1,1,0,1,0
50278,1,0,2,1,0
50365,1,0,0,1,0
50394,1,0,2,1,0
50459,1,0,0,1,0
50474,0,0,2,0,0
50501,1,0,0,1,0
50524,1,0,0,1,0
50750,1,0,2,1,0
50802,1,1,1,1,0
50847,0,0,3,0,0
50918,0,1,1,0,1
50956,0,0,3,0,0
51041,1,0,0,1,0
51147,1,0,0,1,0
51242,1,0,1,1,0
51285,0,0,3,0,0
51324,0,1,0,0,1
51341,0,0,3,0,0
51424,0,0,3,0,0
51473,1,1,0,1,0
51600,0,0,1,0,2
51603,1,1,0,1,0
51737,1,0,0,1,1
51765,1,0,0,1,0
51975,1,1,0,1,0
51989,0,0,2,0,0
52061,1,1,0,1,0
52121,1,0,0,1,0
52141,1,0,1,1,0
52367,0,0,0,0,0
52376,0,1,2,0,0
52615,0,1,2,0,0
52681,0,0,3,0,0
52689,0,0,3,0,0
52832,0,0,0,0,0
52836,0,0,3,0,0
52860,1,0,0,1,0
52870,1,0,0,1,0
52981,0,0,0,0,0
53042,1,0,0,1,0
53073,1,0,0,1,0
53112,0,0,3,0,0
53145,1,0,0,1,0
53196,1,0,1,1,0
53220,0,0,3,0,0
53225,0,0,0,0,0
53305,0,0,3,0,0
53416,0,0,0,0,0
53433,0,1,2,0,0
53458,1,0,0,1,0
53513,0,0,2,0,1
53538,0,0,3,0,0
53695,0,0,0,0,0
53742,0,0,3,0,0
53768,0,0,2,0,0
53824,0,1,2,0,0
53834,0,0,2,0,0
53934,1,1,0,1,0
53935,0,0,0,0,0
54041,1,0,0,1,0
54073,1,0,1,1,0
54078,1,0,0,1,1
54249,0,0,0,0,0
54254,0,0,3,0,0
54404,0,0,2,0,0
54454,1,0,0,1,0
54594,1,0,1,1,0
54706,0,0,3,0,0
54794,0,0,3,0,0
54970,0,3,0,0,0
55006,0,0,3,0,0
55012,0,0,0,0,0
55074,0,0,0,0,3
55115,0,0,3,0,0
55150,1,0,0,1,0
55185,0,0,0,0,3
55247,1,0,0,1,0
55271,0,0,1,0,0
55306,0,0,0,0,3
55310,1,0,1,1,0
55465,1,0,0,1,0
55479,0,2,0,0,0
55568,1,0,0,1,0
55606,1,0,0,1,0
55667,1,1,0,1,0
55757,0,0,0,0,3
55809,0,0,3,0,0
55816,1,0,0,1,0
55964,1,0,0,1,0
56018,0,0,1,0,0
56033,0,0,3,0,0
56056,1,0,0,1,0
56084,1,0,0,1,0
56135,1,0,0,1,0
56268,1,0,0,1,0
56372,1,0,1,1,0
56508,0,1,2,0,0
56542,1,1,0,1,0
56557,0,0,0,0,0
56607,1,0,0,1,0
56627,0,0,0,0,0
56639,0,0,3,0,0
56937,1,0,0,1,0
56958,1,1,0,1,0
56987,1,0,0,1,0
57024,0,0,0,0,3
57025,1,0,0,1,0
57115,1,0,0,1,0
57206,0,2,0,0,1
57224,0,1,0,0,0
57226,1,0,0,1,0
57407,0,0,0,0,0
57528,1,0,1,1,0
57558,0,0,2,0,1
57664,1,0,0,1,0
57683,0,0,3,0,0
57705,0,2,0,0,0
57966,0,0,3,0,0
57976,1,0,1,1,0
57991,1,0,0,1,0
58019,0,1,0,0,0
58049,0,0,1,0,0
58063,1,0,1,1,0
58103,0,0,2,0,0
58150,1,0,0,1,0
58211,1,0,0,1,0
58215,0,0,0,0,3
58237,0,0,3,0,0
58271,0,0,3,0,0
58277,0,0,0,0,0
58319,0,2,0,0,1
58359,0,0,0,0,3
58406,0,0,0,0,0
58503,0,2,1,0,0
58552,1,0,0,1,0
58562,1,0,1,1,0
58634,1,0,1,1,0
58637,0,0,0,0,0
58650,1,0,0,1,0
58673,1,0,0,1,0
58695,0,0,3,0,0
58798,1,0,0,1,0
58958,0,0,2,0,1
58987,0,0,0,0,0
59000,0,0,3,0,0
59051,1,0,2,1,0
59236,1,0,0,1,0
59264,0,1,1,0,1
59298,0,0,3,0,0
59311,0,1,0,0,2
59353,0,0,3,0,0
59382,1,0,0,1,0
59388,0,0,2,0,1
59586,0,1,1,0,1
59632,0,0,3,0,0
59703,1,0,0,1,0
59832,1,0,0,1,0
59880,1,0,0,1,0
59918,0,2,1,0,0
59980,0,1,2,0,0
59987,1,0,0,1,0
60169,1,0,1,1,0
60259,1,0,1,1,0
60278,1,0,0,1,0
60504,0,0,2,0,1
60565,1,0,0,1,0
60596,1,0,0,1,0
60670,1,0,1,1,0
60676,0,0,3,0,0
60765,0,0,1,0,2
60870,1,0,0,1,0
60910,0,1,1,0,1
60947,0,1,2,0,0
60984,0,0,3,0,0
61171,0,0,3,0,0
61204,1,0,0,1,0
61217,1,0,0,1,0
61219,0,0,0,0,0
61380,0,0,2,0,0
61391,0,0,2,0,0
61407,1,0,0,1,0
61447,1,0,0,1,0
61449,1,0,0,1,0
61487,1,0,0,1,0
61572,1,0,0,1,0
61671,1,0,0,1,0
61882,1,0,0,1,0
61904,1,0,0,1,0
61905,1,1,0,1,0
61939,0,0,3,0,0
62061,1,0,0,1,0
62099,1,1,0,1,0
62116,1,0,0,1,0
62157,0,0,0,0,0
62166,0,0,3,0,0
62212,0,0,1,0,0
62250,0,0,3,0,0
62314,1,0,0,1,0
62326,1,0,0,1,0
62377,1,0,0,1,0
62396,0,0,3,0,0
62427,0,2,1,0,0
62429,0,0,3,0,0
62454,0,0,3,0,0
62544,0,1,2,0,0
62756,1,0,0,1,0
62766,1,0,0,1,0
62864,0,0,3,0,0
63085,0,0,3,0,0
63119,0,0,3,0,0
63318,0,0,1,0,0
63331,0,1,2,0,0
63345,1,0,0,1,0
63496,0,2,1,0,0
63621,0,0,3,0,0
63674,0,1,2,0,0
63773,1,0,0,1,0
63775,0,0,2,0,0
63782,0,0,0,0,2
63784,0,0,0,0,3
63788,0,0,2,0,0
64005,0,0,2,0,0
64084,1,0,0,1,0
64086,1,0,0,1,0
64176,1,0,0,1,0
64189,0,0,0,0,0
64489,1,0,0,1,0
64495,1,0,0,1,0
64580,1,0,0,1,0
64660,1,0,2,1,0
64678,0,0,3,0,0
64744,1,0,0,1,0
64755,1,0,0,1,0
64845,0,0,3,0,0
64982,0,0,0,0,0
64990,1,0,0,1,0
65055,1,0,1,1,0
65181,1,0,0,1,0
65217,1,0,2,1,0
65270,0,0,2,0,0
65294,1,0,0,1,0
65335,0,0,1,0,1
65353,0,0,2,0,0
65361,0,0,2,0,0
65416,0,0,3,0,0
65445,1,0,0,1,0
65458,0,0,3,0,0
65646,0,0,3,0,0
65690,0,0,3,0,0
65778,1,0,0,1,0
65866,1,0,0,1,0
65878,1,0,1,1,0
65927,1,0,0,1,0
66004,1,0,0,1,0
66011,1,0,0,1,0
66063,1,0,0,1,0
66074,1,0,1,1,0
66104,1,0,0,1,0
66255,1,0,0,1,0
66703,0,0,0,0,0
66719,0,0,2,0,0
66723,1,0,2,1,0
66983,1,0,0,1,0
66992,1,0,0,1,0
67050,1,0,0,1,0
67088,1,0,1,1,0
67171,0,0,2,0,0
67265,0,0,2,0,0
67291,1,0,0,1,0
67297,0,0,2,0,0
67312,1,0,0,1,0
67337,1,0,1,1,0
67426,0,0,0,0,0
67628,0,1,2,0,0
67668,0,0,2,0,0
67671,0,0,2,0,0
67734,1,0,0,1,0
67770,1,1,0,1,0
67937,1,0,0,1,0
68066,0,2,0,0,0
68148,0,1,0,0,0
68273,1,0,1,1,0
68301,1,0,0,1,0
68342,0,0,0,0,0
68362,0,0,3,0,0
68445,1,0,0,1,0
68613,0,0,0,0,0
68638,1,0,1,1,0
68673,0,1,0,0,1
68830,1,0,1,1,0
68946,1,0,1,1,0
68998,1,0,0,1,0
69053,1,0,0,1,0
69117,0,0,0,0,3
69141,1,0,0,1,0
69142,0,0,1,0,1
69253,1,0,1,1,0
69276,0,0,0,0,0
69322,1,0,1,1,0
69428,1,0,0,1,0
69453,0,1,0,0,0
69531,1,0,0,1,0
69654,1,0,1,1,0
69676,1,0,0,1,0
69689,1,0,1,1,0
69700,1,0,0,1,0
69701,0,2,1,0,0
69719,1,0,0,1,0
69802,0,0,3,0,0
69811,1,0,0,1,0
69893,0,0,3,0,0
70013,1,0,0,1,0
70082,1,0,0,1,0
70095,1,0,0,1,0
70332,0,0,0,0,0
70366,0,0,2,0,0
70383,0,0,3,0,0
70479,1,0,0,1,0
70616,1,0,0,1,0
70709,0,0,1,0,0
70748,0,1,2,0,0
70757,0,1,1,0,0
70848,0,0,2,0,0
70888,0,0,2,0,0
70904,1,0,0,1,0
70975,1,0,2,1,0
70979,0,1,0,0,0
71018,0,0,1,0,0
71079,0,0,0,0,2
71099,0,0,3,0,0
71188,1,1,0,1,0
71276,0,0,0,0,0
71292,0,0,3,0,0
71445,1,0,1,1,0
71459,1,0,0,1,0
71486,1,0,0,1,0
71582,1,0,0,1,0
71670,1,0,0,1,0
71693,0,1,1,0,0
71706,0,0,2,0,0
71715,0,0,1,0,0
71716,1,0,1,1,0
71734,0,0,2,0,0
71825,0,0,0,0,0
71868,0,0,2,0,0
71909,1,0,0,1,0
71919,0,0,0,0,0
71926,0,0,1,0,2
71934,0,0,3,0,0
71981,1,0,0,1,0
71987,0,1,1,0,0
71989,0,0,0,0,3
71992,1,0,0,1,0
72015,0,1,0,0,0
72046,0,0,0,0,2
72059,0,0,0,0,0
72119,0,0,0,0,0
72135,0,0,0,0,0
72292,0,0,3,0,0
72336,0,0,0,0,2
72361,1,0,0,1,0
72417,1,0,0,1,0
72610,1,1,0,1,0
73013,0,0,1,0,0
73084,1,0,1,1,0
73133,1,0,1,1,0
73234,0,0,3,0,0
73244,1,0,0,1,0
73301,0,0,0,0,0
73346,0,0,2,0,0
73371,0,0,3,0,0
73455,1,1,0,1,0
73477,1,0,0,1,0
73623,0,0,2,0,0
73727,1,0,0,1,0
73732,0,0,3,0,0
73763,0,0,2,0,1
73798,1,0,0,1,0
73891,0,0,2,0,0
74097,0,0,3,0,0
74159,0,0,0,0,0
74247,1,0,0,1,0
74259,1,0,1,1,0
74274,1,0,0,1,0
74309,1,0,1,1,0
74310,0,0,3,0,0
74354,1,0,0,1,0
74416,0,0,3,0,0
74564,0,0,3,0,0
74572,1,0,0,1,0
74592,0,0,2,0,0
74602,0,0,2,0,1
74613,0,0,0,0,3
74616,1,0,0,1,0
74707,0,1,0,0,2
74715,0,0,3,0,0
74850,0,0,2,0,0
74866,0,0,3,0,0
74867,0,0,3,0,0
74916,0,0,1,0,0
74931,1,0,0,1,1
75129,0,1,0,0,1
75149,0,0,3,0,0
75160,1,0,0,1,0
75169,0,0,3,0,0
75214,0,0,3,0,0
75304,0,0,2,0,0
75336,0,0,0,0,3
75509,0,0,3,0,0
75521,1,1,0,1,0
75599,0,0,3,0,0
75614,0,0,3,0,0
75701,1,0,0,1,0
75775,1,0,0,1,0
75779,0,0,0,0,3
75786,0,0,3,0,0
75800,0,0,3,0,0
75985,1,0,2,1,0
76140,0,1,2,0,0
76144,0,0,2,0,0
76187,1,0,0,1,0
76285,0,0,3,0,0
76308,0,0,3,0,0
76331,0,2,0,0,0
76428,0,2,0,0,0
76460,1,0,0,1,0
76495,1,0,1,1,0
76508,1,0,0,1,0
76662,0,0,2,0,0
76682,1,0,0,1,0
76697,0,0,2,0,0
76725,0,0,0,0,2
76779,1,0,0,1,0
76957,0,0,0,0,0
76985,1,0,0,1,0
77013,1,0,0,1,0
77138,1,0,0,1,0
77532,1,0,2,1,0
77556,0,0,2,0,0
77592,0,0,0,0,3
77655,0,0,2,0,0
77666,1,0,1,1,0
77693,1,0,0,1,0
77735,1,0,0,1,0
77819,0,0,0,0,3
77926,0,0,2,0,0
77966,1,0,1,1,0
77981,1,0,0,1,0
78197,0,0,0,0,3
78275,1,0,0,1,0
78411,1,0,0,1,0
78431,1,0,0,1,0
78460,0,0,3,0,0
78462,1,1,0,1,0
78622,1,0,0,1,0
78684,1,0,1,1,0
78754,1,0,1,1,0
78768,0,0,3,0,0
78828,1,0,0,1,0
79186,0,0,3,0,0
79187,0,0,3,0,0
79199,0,0,3,0,0
79237,1,0,1,1,0
79297,1,1,0,1,0
79383,1,0,0,1,0
79585,0,0,3,0,0
79615,0,1,2,0,0
79616,0,0,0,0,0
79623,1,0,0,1,0
79626,1,0,0,1,0
79639,1,0,0,1,0
79654,0,0,1,0,1
79754,0,0,2,0,0
79826,0,0,0,0,0
79882,0,0,2,0,0
79948,1,0,0,1,0
80164,1,0,0,1,0
80214,1,0,0,1,0
80315,1,1,1,1,0
80387,1,0,0,1,0
80391,0,1,2,0,0
80433,1,0,0,1,0
80479,1,0,0,1,0
80513,1,0,0,1,0
80604,0,0,0,0,3
80648,0,0,3,0,0
80650,1,0,0,1,0
80753,1,0,0,1,0
80826,0,0,0,0,0
80957,0,0,3,0,0
81087,1,0,0,1,0
81235,1,0,0,1,0
81256,1,1,0,1,0
81331,0,0,1,0,2
81356,0,0,2,0,0
81484,1,0,0,1,0
81512,0,1,2,0,0
81513,0,0,3,0,0
81523,0,0,0,0,0
81593,0,0,1,0,2
81698,1,0,0,1,0
81771,0,0,0,0,0
81868,0,0,3,0,0
81934,0,0,0,0,2
82016,0,0,2,0,0
82059,1,0,0,1,0
82074,1,0,0,1,0
82193,0,0,0,0,0
82287,1,0,0,1,0
82290,0,1,1,0,1
82366,0,0,3,0,0
82371,0,0,3,0,0
82372,0,0,2,0,0
82450,0,0,3,0,0
82489,0,0,2,0,0
82606,0,0,1,0,1
82626,0,0,0,0,3
82816,0,1,1,0,1
82841,1,0,0,1,0
82858,0,0,0,0,0
82862,0,0,0,0,0
83215,1,0,0,1,0
83289,0,0,0,0,2
83413,1,0,1,1,0
83545,1,0,0,1,0
83642,0,0,1,0,0
83731,0,0,0,0,3
83737,1,0,1,1,0
84051,0,0,3,0,0
84081,1,0,0,1,0
84090,0,1,1,0,0
84199,0,0,0,0,0
84227,0,1,1,0,0
84291,1,0,1,1,0
84464,1,0,0,1,0
84478,1,1,1,1,0
84523,0,0,2,0,1
84590,0,1,1,0,0
84776,1,0,0,1,0
84876,1,0,0,1,0
84929,0,0,3,0,0
84971,1,0,0,1,0
84973,1,0,1,1,0
84987,1,0,0,1,0
85127,0,2,0,0,0
85223,0,0,3,0,0
85224,1,0,0,1,0
85227,1,0,0,1,0
85250,1,0,1,1,0
85316,0,0,1,0,0
85419,1,0,0,1,0
85469,1,1,0,1,0
85544,0,0,2,0,0
85618,0,0,3,0,0
85673,0,0,3,0,0
85696,0,0,3,0,0
85710,0,1,2,0,0
85723,0,0,2,0,0
85919,1,0,1,1,0
85953,1,0,0,1,0
85997,0,0,3,0,0
86083,1,0,0,1,0
86088,1,0,0,1,0
86291,0,0,1,0,0
86410,0,0,1,0,2
86438,0,0,1,0,1
86491,0,0,3,0,0
86566,0,0,3,0,0
86617,1,0,0,1,0
86753,1,0,0,1,0
86898,0,0,3,0,0
86935,0,0,0,0,0
87002,0,1,1,0,0
87088,0,0,2,0,0
87444,1,0,1,1,0
87532,0,0,3,0,0
87561,0,1,0,0,0
87564,0,1,1,0,0
87688,1,0,0,1,0
87743,0,0,3,0,0
87826,1,0,0,1,0
87880,0,1,2,0,0
87936,0,0,2,0,0
87939,1,0,0,1,0
87973,0,0,0,0,0
87991,1,0,1,1,0
88116,0,0,1,0,2
88491,0,0,0,0,3
88614,1,0,0,1,0
88649,0,0,2,0,0
88661,1,0,0,1,0
88742,0,0,0,0,3
88788,1,0,0,1,0
88825,1,0,0,1,0
88848,1,0,0,1,0
88890,0,1,0,0,2
88959,1,0,0,1,0
89034,1,0,0,1,0
89045,0,0,3,0,0
89056,1,0,0,1,0
89091,0,2,1,0,0
89168,1,0,1,1,0
89239,1,0,0,1,0
89316,1,0,0,1,0
89326,0,0,3,0,0
89566,1,0,0,1,0
89584,0,2,0,0,1
89592,0,0,0,0,0
89679,1,0,0,1,0
89707,1,0,0,1,0
89714,0,0,3,0,0
89739,1,0,1,1,0
89757,0,0,3,0,0
89788,1,0,1,1,0
89805,1,0,0,1,0
89829,0,0,3,0,0
89896,1,0,0,1,0
90193,1,0,0,1,0
90208,1,0,0,1,0
90386,1,0,0,1,0
90453,0,0,2,0,0
90516,1,0,0,1,0
90526,1,0,0,1,0
90544,1,0,1,1,0
90577,0,1,0,0,0
90607,0,0,2,0,0
90627,1,1,0,1,0
90769,0,0,3,0,0
90859,1,0,0,1,0
91124,0,0,3,0,0
91134,0,1,1,0,0
91205,0,0,0,0,0
91217,1,0,0,1,0
91392,1,0,0,1,0
91407,1,0,0,1,0
91453,0,0,0,0,0
91500,0,1,2,0,0
91598,1,0,1,1,0
91605,0,1,2,0,0
91640,0,0,2,0,0
91827,1,0,0,1,0
92010,0,0,3,0,0
92242,0,1,1,0,1
92338,1,0,0,1,0
92362,0,0,1,0,2
92452,1,0,0,1,0
92459,0,1,1,0,1
92538,0,0,3,0,0
92545,1,1,0,1,0
92553,1,1,0,1,0
92682,0,0,3,0,0
92763,0,0,3,0,0
92856,1,0,0,1,0
92999,0,0,3,0,0
93170,0,0,0,0,0
93301,1,0,1,1,0
93316,1,0,0,1,0
93437,0,0,2,0,0
93479,0,0,2,0,0
93555,1,0,0,1,0
93608,0,0,2,0,0
93646,1,0,0,1,0
93683,1,0,0,1,0
93684,0,0,2,0,0
93719,0,2,0,0,0
93823,1,0,0,1,0
93872,1,0,0,1,0
93956,1,0,0,1,0
93996,1,0,1,1,0
94002,0,0,2,0,0
94017,1,0,0,1,0
94193,0,0,2,0,0
94252,1,0,0,1,0
94310,0,0,0,0,2
94323,0,0,2,0,0
94368,1,0,1,1,0
94440,0,0,1,0,0
94546,0,0,0,0,0
94559,0,0,2,0,0
94674,1,0,1,1,0
94709,0,0,0,0,2
94778,0,1,0,0,1
94781,0,1,1,0,0
94817,0,0,2,0,0
94854,0,0,3,0,0
94861,0,0,2,0,0
94909,1,0,0,1,1
94986,0,1,0,0,0
95030,0,0,0,0,1
95078,1,0,1,1,0
95176,1,0,0,1,1
95280,0,0,2,0,0
95322,1,1,0,1,0
95358,0,0,2,0,0
95370,1,0,0,1,0
95523,0,1,0,0,1
95647,0,0,0,0,0
95770,1,0,0,1,0
95812,1,0,0,1,0
95853,0,1,1,0,0
96033,1,0,0,1,0
96053,0,0,2,0,0
96056,0,0,0,0,2
96110,0,0,2,0,0
96170,0,0,2,0,0
96208,0,0,2,0,0
96357,0,1,1,0,0
96424,1,0,0,1,0
96444,1,0,1,1,0
96458,1,0,0,1,0
96492,0,0,2,0,0
96564,0,0,2,0,0
96577,0,0,0,0,2
96637,1,0,0,1,0
96646,0,0,2,0,0
96664,1,0,0,1,0
96689,0,0,0,0,0
97039,0,0,0,0,0
97079,0,0,2,0,0
97531,0,0,1,0,0
97541,1,0,0,1,0
97545,1,1,0,1,0
97571,0,1,1,0,0
97633,0,0,0,0,0
97716,1,0,1,1,0
97729,1,0,0,1,0
97845,1,0,0,1,0
97851,0,1,0,0,0
97858,1,0,0,1,0
97913,1,0,0,1,0
97916,0,0,2,0,0
97920,0,0,0,0,2
97935,1,0,0,1,0
98058,1,0,1,1,0
98154,0,0,0,0,0
98232,1,0,0,1,0
98391,0,0,1,0,0
98550,0,0,2,0,0
98822,0,0,2,0,0
98860,1,0,0,1,0
98868,0,0,2,0,0
98909,0,1,1,0,0
99023,0,0,0,0,2
99044,0,0,0,0,0
99048,1,0,0,1,0
99052,0,0,2,0,0
99081,1,0,0,1,0
99101,1,0,0,1,0
99333,1,0,0,1,0
99348,1,0,1,1,0
99389,1,0,0,1,0
99396,0,1,1,0,0
99402,1,0,1,1,0
99564,0,1,0,0,0
99671,1,0,0,1,0
99678,0,0,2,0,0
99698,0,0,2,0,0
99775,1,0,1,1,0
99806,1,0,0,1,0
99857,0,0,2,0,0
99939,0,0,1,0,1
100035,0,1,1,0,0
100248,1,1,0,1,0
100275,1,0,0,1,0
100287,0,0,2,0,0
100303,1,0,0,1,0
100332,1,0,1,1,0
100465,1,0,0,1,0
100570,1,0,0,1,0
100666,0,0,2,0,0
100727,0,2,0,0,0
100803,0,0,2,0,0
100819,0,0,0,0,0
100825,0,0,1,0,0
100838,0,0,1,0,0
100877,1,0,0,1,0
101124,1,0,0,1,1
101242,0,0,2,0,0
101249,0,1,0,0,0
101373,0,0,1,0,0
101489,0,0,0,0,0
101611,1,0,0,1,0
101621,1,0,0,1,0
101678,0,0,1,0,1
101905,0,0,0,0,0
101939,0,0,2,0,0
101950,0,0,0,0,2
102104,0,0,1,0,1
102110,0,0,2,0,0
102123,1,0,0,1,0
102155,1,0,0,1,0
102192,1,0,0,1,0
102202,1,0,0,1,0
102263,1,0,0,1,0
102280,0,0,2,0,0
102290,1,0,0,1,0
102406,0,0,1,0,1
102518,1,0,0,1,0
102571,1,0,0,1,0
102594,0,0,0,0,0
102643,0,1,1,0,0
102671,0,0,2,0,0
102854,1,0,1,1,0
102921,1,0,0,1,0
102980,0,1,0,0,0
102995,0,1,1,0,0
103015,0,0,2,0,0
103025,0,0,2,0,0
103040,0,0,2,0,0
103074,0,0,2,0,0
103160,0,1,0,0,0
103243,1,0,0,1,0
103383,0,0,2,0,0
103397,0,0,0,0,0
103417,0,0,2,0,0
103422,0,0,2,0,0
103482,0,0,1,0,0
103494,1,0,0,1,0
103530,0,0,2,0,0
103534,1,0,0,1,0
103535,0,0,2,0,0
103695,0,0,0,0,0
103777,1,0,1,1,0
103801,1,0,1,1,0
103841,0,1,1,0,0
103914,1,0,1,1,0
103932,1,1,0,1,0
103955,1,0,0,1,0
104104,1,1,0,1,0
104206,0,0,1,0,0
104220,1,0,0,1,0
104241,0,0,2,0,0
104261,0,0,2,0,0
104310,0,0,2,0,0
104403,0,0,0,0,0
104430,1,0,0,1,0
104450,1,1,0,1,0
104489,0,0,2,0,0
104492,1,0,0,1,0
104624,1,0,1,1,0
104632,1,0,0,1,0
104635,1,0,0,1,0
104659,1,0,0,1,0
104704,1,0,0,1,0
104706,1,0,0,1,0
104744,1,0,1,1,0
104832,1,0,0,1,0
104879,1,0,1,1,0
104916,0,0,1,0,0
105067,0,0,2,0,0
105165,1,0,0,1,0
105322,0,0,0,0,2
105336,0,0,2,0,0
105387,1,0,0,1,0
105398,0,0,0,0,0
105402,0,0,2,0,0
105433,0,0,2,0,0
105456,1,0,0,1,0
105548,1,0,0,1,0
105590,0,0,2,0,0
105745,1,0,1,1,0
105860,0,0,0,0,0
105870,0,0,2,0,0
105881,0,2,0,0,0
105886,1,0,0,1,0
105920,0,0,0,0,2
106065,0,0,2,0,0
106091,1,0,0,1,0
106161,0,0,2,0,0
106242,1,1,0,1,0
106284,1,0,1,1,0
106303,1,1,0,1,0
106322,0,0,2,0,0
106357,0,0,2,0,0
106387,1,0,1,1,0
106510,1,0,0,1,0
106522,0,0,2,0,0
106557,0,0,2,0,0
106561,1,0,0,1,0
106608,1,0,0,1,0
106654,0,0,2,0,0
106658,1,0,0,1,0
106729,0,0,2,0,0
106777,0,0,1,0,1
106840,0,1,1,0,0
106845,1,0,0,1,0
107048,1,0,0,1,0
107052,0,0,2,0,0
107063,0,1,1,0,0
107079,0,0,2,0,0
107118,1,0,0,1,0
107137,0,0,2,0,0
107180,0,0,0,0,0
107250,0,0,2,0,0
107263,1,0,1,1,0
107264,1,0,0,1,0
107318,0,0,2,0,0
107340,1,0,0,1,0
107342,1,0,0,1,0
107379,0,0,2,0,0
107437,1,0,0,1,0
107526,0,0,2,0,0
107644,0,1,0,0,0
107727,0,1,1,0,0
107750,0,0,2,0,0
107810,0,0,2,0,0
107826,1,0,0,1,0
107843,1,0,0,1,0
107920,0,0,2,0,0
107944,0,0,2,0,0
107970,0,1,1,0,0
108005,0,0,1,0,0
108009,0,0,2,0,0
108053,0,1,1,0,0
108162,0,0,1,0,0
108235,0,0,1,0,1
108270,0,0,2,0,0
108310,1,0,0,1,0
108388,1,0,0,1,0
108393,0,0,0,0,0
108473,1,0,0,1,0
108541,1,0,0,1,0
108689,0,0,2,0,0
108957,1,0,0,1,0
108968,0,0,2,0,0
108975,1,0,0,1,0
109034,0,0,2,0,0
109136,1,0,0,1,0
109191,0,0,2,0,0
109248,1,0,0,1,0
109283,1,0,0,1,0
109285,0,0,2,0,0
109347,1,0,0,1,0
109401,0,0,2,0,0
109427,1,0,0,1,0
109439,1,0,0,1,0
109592,0,0,0,0,2
109634,0,0,0,0,0
109679,0,1,1,0,0
109697,0,1,1,0,0
109769,1,0,0,1,0
109888,1,0,0,1,0
109895,1,0,0,1,0
109944,0,0,0,0,0
110185,0,0,2,0,0
110203,0,0,0,0,0
110371,0,0,2,0,0
110417,1,0,0,1,0
110459,1,0,0,1,0
110530,1,0,0,1,0
110540,1,0,0,1,0
110640,0,0,1,0,1
110691,1,0,0,1,0
110749,1,0,0,1,0
110787,0,0,2,0,0
110802,0,0,2,0,0
110861,0,0,0,0,0
110926,0,0,2,0,0
111074,1,0,1,1,0
111121,0,0,2,0,0
111228,1,0,0,1,0
111230,1,0,1,1,0
111311,1,0,0,1,0
111337,1,0,0,1,0
111340,0,0,2,0,0
111379,0,0,0,0,2
111423,1,0,0,1,0
111451,1,0,0,1,0
111458,0,0,2,0,0
111461,0,1,0,0,0
111501,0,0,2,0,0
111583,0,0,2,0,0
111634,1,0,1,1,0
111686,0,0,2,0,0
111772,0,0,2,0,0
111807,1,0,0,1,0
111896,0,0,0,0,2
111963,1,0,0,1,0
111994,0,0,2,0,0
111995,1,0,1,1,0
111998,0,0,2,0,0
112003,0,0,2,0,0
112015,1,0,1,1,0
112022,0,1,1,0,0
112116,0,0,0,0,2
112190,1,0,0,1,0
112245,0,0,2,0,0
112257,1,0,1,1,0
112261,0,0,2,0,0
112277,0,0,0,0,1
112290,0,0,1,0,0
112334,1,0,0,1,0
112340,1,0,1,1,0
112377,0,0,0,0,0
112399,0,0,2,0,0
112620,1,0,0,1,0
112677,1,0,0,1,0
112812,1,0,0,1,0
112819,0,0,2,0,0
113026,1,0,0,1,0
113065,0,1,1,0,0
113089,0,0,2,0,0
113092,0,0,1,0,1
113149,0,0,2,0,0
113185,0,0,2,0,0
113193,0,0,1,0,1
113233,0,0,0,0,0
113265,0,0,2,0,0
113319,0,0,0,0,2
113335,1,0,1,1,0
113336,0,0,0,0,2
113369,0,0,2,0,0
113391,1,0,0,1,0
113420,0,0,2,0,0
113453,0,0,2,0,0
113526,1,0,1,1,0
113564,0,0,2,0,0
113723,0,0,0,0,2
113778,1,0,0,1,0
113790,0,0,2,0,0
113921,0,0,2,0,0
113995,0,0,2,0,0
114050,0,0,0,0,0
114115,0,0,1,0,0
114130,0,0,2,0,0
114140,0,0,0,0,2
114147,0,1,0,0,1
114150,0,0,2,0,0
114164,0,0,0,0,2
114237,0,0,3,0,0
114339,0,0,2,0,0
114451,0,0,2,0,0
114470,0,0,0,0,0
114567,0,0,2,0,0
114568,1,0,0,1,0
114655,0,0,1,0,0
114660,1,0,1,1,0
114680,0,0,0,0,2
114686,1,0,1,1,0
114699,0,0,1,0,0
114820,0,0,2,0,0
114849,1,0,0,1,0
114881,0,0,3,0,0
115025,0,0,0,0,2
115080,0,0,0,0,0
115081,1,0,0,1,0
115111,1,0,0,1,0
115222,0,0,2,0,0
115402,1,0,0,1,0
115736,0,0,2,0,0
115838,0,0,2,0,0
115842,0,0,2,0,0
115880,0,0,1,0,0
115950,1,0,1,1,0
115951,1,0,0,1,0
115959,0,0,2,0,0
116121,0,0,1,0,0
116188,1,0,0,1,0
116224,0,0,2,0,0
116262,0,1,0,0,1
116280,0,0,1,0,0
116344,1,0,0,1,0
116362,1,0,1,1,0
116570,0,0,2,0,0
116729,0,1,1,0,0
116903,0,0,0,0,0
117007,1,0,0,1,0
117043,1,0,0,1,0
117066,0,0,2,0,0
117117,1,0,0,1,0
117143,0,0,2,0,0
117208,0,0,1,0,1
117306,0,0,2,0,0
117326,1,0,0,1,0
117365,0,0,2,0,0
117401,0,0,0,0,0
117416,0,0,0,0,0
117427,0,0,2,0,0
117441,0,0,2,0,0
117492,1,0,0,1,0
117504,0,0,0,0,2
117626,0,0,1,0,0
117730,0,0,0,0,0
117819,0,0,1,0,0
117910,0,0,2,0,0
117911,1,0,0,1,0
117930,0,1,1,0,0
118086,0,0,2,0,0
118097,1,1,0,1,0
118184,0,1,1,0,0
118201,0,0,0,0,0
118272,0,0,1,0,1
118291,0,0,0,0,0
118358,0,0,2,0,0
118362,1,0,0,1,0
118542,0,0,2,0,0
118592,1,0,0,1,0
118598,0,0,2,0,0
118620,1,1,0,1,0
118655,1,0,0,1,0
118665,0,0,0,0,2
118793,0,0,2,0,0
118964,0,0,2,0,0
119065,1,0,0,1,0
119112,1,0,0,1,0
119235,0,0,1,0,0
119311,0,0,2,0,0
119317,1,0,0,1,0
119330,0,0,0,0,2
119354,1,0,0,1,0
119434,1,0,0,1,0
119570,0,0,2,0,0
119584,1,0,0,1,0
119590,0,0,1,0,1
119657,0,0,2,0,0
119690,0,0,2,0,0
119703,1,0,0,1,0
119769,0,0,1,0,0
119817,0,0,1,0,0
119819,0,0,1,0,1
119866,1,0,1,1,0
120016,0,0,2,0,0
120019,1,0,0,1,0
120160,0,1,0,0,0
120165,0,0,2,0,0
120171,0,0,2,0,0
120194,0,0,2,0,0
120202,1,0,0,1,0
120337,0,0,2,0,0
120454,0,0,2,0,0
120549,0,0,2,0,0
120583,1,0,0,1,0
120776,0,1,1,0,0
120867,0,1,1,0,0
120966,0,0,3,0,0
120995,1,0,1,1,0
121227,0,0,2,0,0
121246,0,1,1,0,0
121254,1,0,0,1,0
121257,1,0,0,1,0
121267,1,0,0,1,0
121350,1,0,0,1,0
121367,0,0,1,0,0
121506,0,0,0,0,0
121528,1,0,0,1,0
121535,1,0,0,1,0
121545,1,0,0,1,0
121576,1,0,0,1,0
121659,0,0,2,0,0
121738,0,0,2,0,0
121770,0,0,2,0,0
121772,0,0,2,0,0
121800,1,0,1,1,0
121939,0,0,2,0,0
121952,0,1,0,0,1
122072,1,0,0,1,0
122129,0,0,2,0,0
122240,1,1,0,1,0
122316,1,0,0,1,0
122333,1,0,1,1,0
122392,1,0,0,1,0
122478,0,1,0,0,0
122710,1,0,1,1,0
122809,1,0,0,1,0
122928,1,0,0,1,0
122953,1,0,0,1,0
123037,1,0,0,1,0
123152,1,0,0,1,0
123174,0,0,0,0,0
123229,1,0,0,1,0
123286,1,0,0,1,0
123311,0,0,0,0,0
123327,1,0,1,1,0
123363,0,0,0,0,0
123437,1,0,0,1,0
123473,0,1,0,0,0
123589,1,0,0,1,0
123628,0,0,2,0,0
123657,0,0,0,0,0
123740,0,0,0,0,0
123757,1,0,1,1,0
123920,0,0,0,0,2
123923,1,0,0,1,0
123984,0,0,1,0,1
123996,0,0,2,0,0
124000,0,0,2,0,0
124008,1,0,0,1,0
124084,0,0,2,0,0
124188,0,1,0,0,0
124219,1,0,0,1,0
124245,1,0,0,1,0
124247,0,1,1,0,0
124278,0,0,2,0,0
124297,0,0,2,0,0
124326,0,1,0,0,0
124334,0,0,2,0,0
124350,1,0,0,1,0
124351,1,0,0,1,0
124363,0,0,1,0,0
124370,0,0,2,0,0
124442,0,0,2,0,0
124531,1,0,0,1,0
124625,0,0,2,0,0
124796,0,0,2,0,0
124870,1,0,0,1,0
124882,0,0,0,0,0
124939,0,1,1,0,0
124984,0,0,2,0,0
125014,1,0,0,1,0
125066,0,0,0,0,0
125221,0,1,1,0,0
125231,1,0,0,1,0
125240,1,0,0,1,0
125248,1,0,0,1,0
125269,0,1,1,0,0
125411,1,0,0,1,0
125444,0,0,2,0,0
125549,0,0,2,0,0
125683,0,0,2,0,0
125710,0,1,1,0,0
125735,0,0,2,0,0
125738,0,1,1,0,0
125748,1,0,0,1,0
125783,1,0,0,1,0
125824,1,0,0,1,0
125890,0,0,2,0,0
125924,0,0,0,0,0
125942,0,0,0,0,0
125969,1,0,0,1,0
126047,0,0,2,0,0
126061,0,0,1,0,1
126120,0,0,2,0,0
126142,1,0,0,1,0
126185,1,0,1,1,0
126211,0,0,2,0,0
126246,1,0,0,1,0
126273,0,0,2,0,0
126284,1,0,0,1,0
126290,0,0,0,0,0
126428,1,0,0,1,0
126532,0,1,1,0,0
126554,1,0,0,1,0
126591,1,0,0,1,0
126599,0,0,2,0,0
126603,1,0,0,1,0
126619,0,1,1,0,0
126698,1,0,0,1,0
126703,1,0,0,1,0
126760,1,0,0,1,0
126825,0,0,1,0,1
126864,1,0,0,1,0
127066,1,0,1,1,0
127101,1,0,0,1,0
127130,0,1,1,0,0
127141,0,0,2,0,0
127170,0,0,0,0,0
127348,1,1,0,1,0
127357,0,0,2,0,0
127394,1,0,0,1,0
127417,0,0,2,0,0
127418,1,0,0,1,0
127471,1,0,0,1,0
127536,0,0,2,0,0
127632,0,1,1,0,0
127700,0,0,2,0,0
127704,0,0,2,0,0
127737,1,0,0,1,0
127751,0,0,0,0,0
127762,0,1,0,0,1
127890,0,1,1,0,0
127940,0,0,0,0,0
127995,1,1,0,1,0
128137,0,0,2,0,0
128179,1,0,0,1,0
128389,0,1,0,0,0
128392,0,0,2,0,0
128418,1,0,0,1,0
128437,0,0,2,0,0
128454,0,0,2,0,0
128509,0,0,0,0,0
128607,1,0,0,1,0
128608,0,0,2,0,0
128654,1,0,0,1,0
128681,0,1,1,0,0
128703,0,0,2,0,0
128760,0,0,2,0,0
128859,0,0,2,0,0
128903,0,0,2,0,0
128906,1,0,0,1,0
128961,1,0,0,1,0
129007,0,1,1,0,0
129019,0,1,1,0,0
129059,0,1,1,0,0
129094,0,0,0,0,3
129097,0,0,3,0,0
129169,0,0,0,0,2
129250,0,0,2,0,0
129263,1,0,0,1,0
129425,1,0,0,1,0
129458,1,0,0,1,0
129679,0,0,0,0,2
129758,1,0,0,1,0
129892,1,0,0,1,0
129934,0,0,2,0,0
129943,0,0,2,0,0
129953,1,0,0,1,0
129980,0,0,2,0,0
130072,0,0,3,0,0
130131,0,0,2,0,0
130194,0,0,2,0,0
130225,1,0,0,1,0
130237,0,0,1,0,0
130264,1,0,0,1,0
130343,0,0,0,0,0
130398,0,1,2,0,0
130454,1,0,0,1,0
130556,0,0,0,0,0
130581,0,1,0,0,1
130658,0,0,2,0,0
130938,0,1,1,0,0
130964,0,0,0,0,0
131000,0,0,2,0,0
131033,1,0,0,1,0
131054,1,0,0,1,0
131058,1,0,0,1,0
131183,0,0,0,0,0
131272,1,0,0,1,0
131398,0,1,0,0,0
131411,1,0,0,1,0
131563,0,0,0,0,0
131565,0,0,3,0,0
131629,1,0,0,1,0
131659,1,0,0,1,0
131702,0,0,1,0,2
131855,1,0,0,1,0
131857,0,0,2,0,0
132028,0,1,1,0,0
132087,0,0,2,0,0
132091,1,0,1,1,0
132145,0,0,2,0,0
132150,0,0,0,0,0
132163,1,0,0,1,0
132183,0,0,2,0,0
132191,1,0,0,1,0
132209,1,0,0,1,0
132253,0,0,3,0,0
132319,0,0,2,0,0
132418,0,0,3,0,0
132441,0,0,3,0,0
132509,0,0,2,0,0
132525,0,0,2,0,0
132622,1,0,0,1,0
132734,1,1,1,1,0
132740,1,0,0,1,0
132757,0,1,0,0,1
132764,0,0,2,0,0
132782,1,0,0,1,0
132819,1,0,0,1,0
132829,1,0,0,1,0
132857,1,0,0,1,0
132882,0,0,3,0,0
132974,0,0,2,0,0
133002,0,0,3,0,0
133042,0,1,2,0,0
133118,0,0,0,0,0
133133,1,0,0,1,0
133296,0,0,2,0,0
133384,0,1,2,0,0
133479,0,0,0,0,3
133527,0,1,1,0,0
133669,0,0,0,0,0
133717,0,1,1,0,0
133727,0,0,2,0,0
133796,0,1,2,0,0
133954,0,0,3,0,0
133975,1,0,0,1,0
134027,1,1,0,1,0
134074,0,0,2,0,0
134109,0,0,0,0,0
134124,0,0,0,0,2
134129,0,0,2,0,0
134250,1,1,0,1,0
134306,1,0,0,1,0
134383,0,0,3,0,0
134389,1,0,0,1,0
134395,1,1,1,1,0
134415,0,1,2,0,0
134435,1,0,0,1,0
134458,0,0,2,0,0
134487,1,0,0,1,0
134570,1,0,0,1,0
134599,0,1,0,0,0
134674,0,0,0,0,2
134757,0,0,0,0,0
134828,1,0,0,1,0
134844,1,0,0,1,0
134911,0,0,1,0,1
134923,0,0,2,0,0
134982,0,0,2,0,0
135029,0,0,1,0,0
135086,1,0,0,1,0
135094,0,0,2,0,0
135172,1,0,0,1,0
135207,0,0,2,0,0
135223,0,1,1,0,0
135320,0,0,2,0,0
135335,1,0,0,1,0
135358,0,0,2,0,0
135428,0,1,1,0,0
135439,0,0,2,0,0
135447,0,0,2,0,0
135534,1,0,0,1,0
135564,0,0,1,0,0
135620,0,0,0,0,0
135699,0,0,1,0,0
135716,0,0,2,0,0
135720,1,0,0,1,0
135765,0,0,2,0,0
135804,0,0,2,0,0
135836,0,0,2,0,0
135838,1,0,0,1,0
135863,0,1,0,0,1
135901,0,0,0,0,0
135965,1,0,0,1,0
136004,1,0,0,1,0
136042,0,0,2,0,0
136074,0,0,2,0,0
136094,1,0,0,1,0
136209,1,0,0,1,0
136228,0,0,0,0,0
136231,0,0,1,0,1
136270,0,1,1,0,0
136319,0,0,2,0,0
136327,1,0,0,1,0
136407,1,0,0,1,0
136491,1,0,0,1,0
136593,1,0,0,1,0
136675,0,0,2,0,0
136791,1,0,0,1,0
136839,1,0,0,1,0
136860,1,0,0,1,0
137039,0,0,0,0,2
137102,1,0,1,1,0
137109,1,0,0,1,0
137117,0,0,0,0,2
137164,1,0,1,1,0
137248,0,0,2,0,0
137362,1,0,0,1,0
137434,0,1,1,0,0
137454,0,0,0,0,0
137561,0,0,2,0,0
137636,0,0,0,0,0
137680,1,0,0,1,0
137774,0,0,0,0,0
137797,0,0,2,0,0
137807,0,0,2,0,0
137897,0,0,2,0,0
138045,0,0,2,0,0
138053,1,0,0,1,0
138119,0,0,0,0,0
138126,1,0,0,1,0
138167,0,0,0,0,0
138168,0,0,2,0,0
138196,0,0,2,0,0
138213,1,0,0,1,0
138331,1,0,0,1,0
138367,1,0,1,1,0
138411,1,0,0,1,0
138455,1,0,1,1,0
138470,0,0,0,0,0
138623,1,0,0,1,0
138835,1,0,0,1,0
138843,0,0,2,0,0
139040,1,0,1,1,0
139044,1,0,0,1,0
139067,0,0,2,0,0
139107,1,0,1,1,0
139206,1,0,1,1,0
139226,1,0,0,1,0
139249,0,0,1,0,0
139459,0,1,1,0,0
139543,0,0,2,0,0
139650,0,0,1,0,0
139806,1,0,1,1,0
139988,0,1,0,0,1
140063,0,0,0,0,2
140072,0,0,0,0,2
140105,1,0,1,1,0
140207,1,1,0,1,0
140257,0,1,0,0,0
140323,1,0,0,1,0
140328,0,0,2,0,0
140397,1,0,0,1,0
140402,0,0,2,0,0
140579,0,1,1,0,0
140625,0,0,0,0,2
140666,1,0,0,1,0
140838,1,0,0,1,0
140900,0,1,1,0,0
141031,0,0,0,0,0
141074,0,0,2,0,0
141136,0,0,2,0,0
141223,1,0,0,1,0
141245,1,0,1,1,0
141308,1,0,0,1,0
141325,0,0,0,0,0
141354,0,0,2,0,0
141457,1,0,1,1,0
141467,0,0,0,0,0
141562,1,0,0,1,0
141574,0,0,2,0,0
141810,1,0,1,1,0
141898,0,0,2,0,0
142013,1,0,0,1,0
142066,0,0,2,0,0
142198,1,0,0,1,0
142239,0,0,0,0,0
142250,1,0,0,1,0
142354,1,0,1,1,0
142428,0,0,2,0,0
142440,0,0,2,0,0
142454,0,0,2,0,0
142455,1,0,0,1,0
142619,1,0,0,1,0
142635,0,2,0,0,0
142659,1,0,1,1,0
142710,1,0,0,1,0
142755,0,0,2,0,0
142756,0,1,0,0,0
142815,0,0,0,0,0
142839,0,1,1,0,0
142875,0,0,2,0,0
142917,0,0,0,0,2
143165,1,0,0,1,0
143229,0,0,1,0,0
143242,0,0,0,0,2
143436,1,0,0,1,0
143550,0,0,2,0,0
143557,0,0,2,0,0
143617,0,1,1,0,0
143643,0,2,0,0,0
143712,0,0,2,0,0
143726,0,0,2,0,0
143779,1,0,1,1,0
143782,0,0,2,0,0
143812,1,0,1,1,0
143939,0,0,2,0,0
144026,1,0,0,1,0
144085,0,0,2,0,0
144108,0,0,2,0,0
144153,1,0,0,1,0
144200,0,0,0,0,0
144262,0,0,0,0,0
144423,0,0,0,0,2
144432,1,0,1,1,0
144545,1,0,0,1,0
144603,0,0,0,0,0
144630,0,0,2,0,0
144649,1,0,1,1,0
144688,1,0,0,1,0
144780,0,0,2,0,0
144849,0,0,1,0,0
144903,0,1,0,0,1
145044,1,0,0,1,0
145057,1,0,1,1,0
145213,1,0,0,1,0
145268,0,0,0,0,0
145296,0,0,0,0,0
145319,0,0,1,0,0
145336,0,0,1,0,1
145484,1,0,0,1,0
145498,0,0,2,0,0
145533,1,0,0,1,0
145598,0,0,2,0,0
145652,1,0,0,1,0
145667,0,0,0,0,0
145668,0,0,2,0,0
145752,0,2,0,0,0
145756,0,0,2,0,0
145774,0,0,2,0,0
145800,1,0,1,1,0
145914,0,0,1,0,1
146012,1,0,1,1,0
146105,1,0,1,1,0
146136,1,0,0,1,0
146270,0,0,1,0,1
146275,1,0,0,1,0
146292,0,0,2,0,0
146298,1,0,1,1,0
146312,1,0,0,1,0
146498,0,1,0,0,0
146528,0,0,2,0,0
146565,1,0,0,1,0
146755,0,0,0,0,0
146786,0,0,2,0,0
147059,1,0,1,1,0
147194,0,0,0,0,0
147230,0,0,2,0,0
147383,0,0,2,0,0
147404,1,0,0,1,0
147433,0,0,0,0,0
147490,1,0,0,1,0
147495,0,0,0,0,0
147516,1,0,1,1,0
147589,0,1,1,0,0
147715,0,0,0,0,0
147739,1,0,0,1,0
147831,1,0,0,1,0
147917,0,1,0,0,1
147945,1,0,1,1,0
147964,0,0,2,0,0
148035,1,0,1,1,0
148055,1,0,1,1,0
148151,0,0,2,0,0
148263,1,0,0,1,0
148297,1,0,0,1,0
148313,1,0,0,1,0
148332,1,0,1,1,0
148334,0,0,2,0,0
148476,1,0,1,1,0
148481,0,0,0,0,1
148499,0,0,2,0,0
148504,0,0,0,0,0
148617,1,0,0,1,0
148646,1,0,1,1,0
148763,0,0,0,0,0
148777,0,0,2,0,0
148860,0,0,0,0,0
149012,1,0,1,1,0
149056,0,0,0,0,2
149060,0,0,0,0,0
149082,1,0,0,1,0
149140,0,1,0,0,0
149146,1,0,0,1,0
149173,1,0,0,1,0
149244,1,0,1,1,0
149261,0,0,2,0,0
149264,1,0,0,1,0
149310,0,0,1,0,1
149335,1,0,1,1,0
149464,0,0,0,0,2
149579,0,0,1,0,0
149624,0,0,2,0,0
149627,1,0,0,1,0
149642,0,1,0,0,1
149681,1,0,1,1,0
149693,1,0,0,1,0
149708,1,0,0,1,0
149760,0,0,0,0,0
149790,0,0,1,0,0
149795,1,0,0,1,0
149837,1,0,1,1,0
149962,1,0,0,1,0
150031,1,0,1,1,0
150040,0,0,1,0,1
150059,0,0,1,0,0
150063,0,0,1,0,1
150081,0,1,1,0,0
150139,1,0,1,1,0
150154,1,0,0,1,0
150238,1,0,0,1,0
150341,1,0,0,1,0
150410,0,0,0,0,0
150420,1,0,0,1,0
150440,0,0,2,0,0
150459,0,2,0,0,0
150493,0,0,2,0,0
150495,1,0,0,1,0
150567,1,0,0,1,0
150599,0,0,2,0,0
150680,1,0,0,1,0
150760,1,0,1,1,0
150768,0,0,2,0,0
150793,0,0,1,0,1
150816,0,0,2,0,0
150840,1,1,0,1,0
150846,0,0,1,0,1
150925,0,0,2,0,0
150974,0,0,2,0,0
151026,1,0,0,1,0
151063,1,0,0,1,0
151081,0,0,2,0,0
151105,0,0,2,0,0
151125,1,0,0,1,0
151165,1,0,0,1,0
151258,1,0,0,1,0
151317,0,0,2,0,0
151605,1,0,0,1,0
151612,1,0,0,1,0
151627,0,0,2,0,0
151633,0,0,2,0,0
151637,1,0,0,1,0
151646,0,0,0,0,0
151787,1,0,1,1,0
151791,0,0,0,0,0
151802,1,0,0,1,0
151815,0,0,0,0,0
151854,1,0,1,1,0
151974,1,0,0,1,0
151996,0,0,2,0,0
152053,0,0,2,0,0
152187,1,0,0,1,0
152220,1,0,0,1,0
152223,0,1,0,0,0
152245,0,0,2,0,0
152301,1,0,1,1,0
152313,0,0,2,0,0
152397,1,0,0,1,0
152413,1,0,1,1,0
152467,1,0,0,1,0
152489,0,0,2,0,0
152520,0,0,2,0,0
152526,0,0,0,0,0
152539,0,0,2,0,0
152577,0,0,2,0,0
152653,1,0,0,1,0
152668,1,0,0,1,0
152715,0,1,0,0,1
152741,1,1,0,1,0
152755,0,0,1,0,0
152805,0,0,2,0,0
152932,1,0,0,1,0
152951,1,0,0,1,0
152975,0,0,0,0,0
152979,1,0,0,1,0
152988,1,0,0,1,0
153039,1,0,0,1,0
153198,1,0,1,1,0
153229,0,0,2,0,0
153276,0,1,0,0,1
153291,0,0,2,0,0
153309,1,0,0,1,0
153628,1,0,0,1,0
153643,1,0,1,1,0
153745,0,1,1,0,0
153773,0,0,1,0,0
153777,0,0,2,0,0
154058,1,0,1,1,0
154415,0,0,1,0,0
154424,0,0,1,0,1
154483,0,1,0,0,1
154514,1,0,0,1,0
154565,0,0,2,0,0
154684,0,1,0,0,1
154687,0,0,0,0,2
154747,0,1,0,0,1
154757,1,0,0,1,0
154772,0,0,1,0,0
154854,0,0,0,0,0
154874,1,0,0,1,0
154907,0,1,1,0,0
154921,1,0,0,1,0
154973,1,0,1,1,0
155081,0,0,2,0,0
155101,0,0,0,0,2
155109,0,0,2,0,0
155190,0,1,0,0,0
155307,1,1,0,1,0
155342,1,0,0,1,0
155371,0,0,2,0,0
155383,0,0,0,0,2
155390,1,0,1,1,0
155418,0,0,2,0,0
155552,1,0,0,1,0
155604,2,0,0,2,0
155639,0,0,2,0,0
155641,0,0,0,0,0
155688,1,0,0,1,0
155716,1,0,0,1,0
155777,1,0,1,1,0
155807,0,0,0,0,2
155869,1,0,0,1,0
155945,0,0,2,0,0
156013,1,0,1,1,0
156138,1,0,0,1,0
156162,1,0,0,1,0
156297,0,1,1,0,0
156303,1,0,0,1,0
156320,1,0,0,1,0
156462,1,0,1,1,0
156486,0,0,0,0,2
156505,0,2,0,0,0
156512,1,0,0,1,0
156589,1,0,0,1,0
156748,1,0,0,1,0
156847,1,0,0,1,0
156850,1,0,0,1,0
156882,0,0,1,0,0
156937,1,0,0,1,0
157010,1,0,0,1,0
157067,1,0,0,1,0
157077,0,0,1,0,0
157110,1,0,0,1,0
157124,0,0,0,0,2
157261,0,0,2,0,0
157340,0,0,2,0,0
157353,0,0,0,0,2
157440,0,0,0,0,0
157549,1,0,0,1,0
157550,1,0,1,1,0
157609,1,0,0,1,0
157785,0,0,2,0,0
157979,1,0,0,1,0
158047,0,0,0,0,0
158052,0,1,1,0,0
158092,1,0,0,1,0
158095,0,0,2,0,0
158194,0,0,0,0,0
158507,1,0,0,1,0
158526,1,0,0,1,0
158529,1,0,0,1,0
158546,0,0,2,0,0
158558,1,0,0,1,0
158589,1,0,0,1,0
158622,1,0,0,1,0
158655,1,1,0,1,0
158688,1,0,0,1,0
158708,1,0,1,1,0
158717,0,0,0,0,2
158855,0,1,1,0,0
159112,0,0,1,0,1
159159,1,0,1,1,0
159186,0,0,2,0,0
159200,0,0,0,0,2
159282,0,0,2,0,0
159309,0,2,0,0,0
159332,0,1,1,0,0
159386,1,0,0,1,0
159415,0,0,0,0,0
159533,1,0,0,1,0
159537,1,0,1,1,0
159702,1,0,0,1,0
159735,0,0,2,0,0
159745,1,0,0,1,0
159779,1,0,0,1,0
159787,1,0,0,1,0
159816,0,0,2,0,0
159906,0,0,0,0,2
159923,1,0,0,1,0
159989,0,0,1,0,0
160054,1,0,0,1,0
160076,0,0,0,0,0
160138,0,0,2,0,0
160152,1,0,0,1,0
160219,0,0,2,0,0
160240,1,0,1,1,0
160291,1,0,0,1,0
160415,1,0,0,1,0
160420,0,0,0,0,2
160652,1,0,0,1,0
160853,0,0,2,0,0
160937,0,0,2,0,0
161061,0,1,0,0,0
161250,0,1,0,0,1
161281,1,0,0,1,0
161298,0,1,1,0,0
161305,1,0,0,1,0
161364,0,0,2,0,0
161443,1,0,0,1,0
161488,0,0,2,0,0
161524,1,0,0,1,0
161525,0,0,2,0,0
161547,1,0,0,1,0
161604,1,0,0,1,0
161708,0,0,1,0,0
161762,1,0,0,1,0
161775,0,0,2,0,0
161803,1,0,0,1,0
161869,0,0,0,0,0
161876,0,0,2,0,0
161897,0,0,2,0,0
161924,0,0,2,0,0
162009,0,1,1,0,0
162025,1,0,0,1,0
162064,1,0,0,1,0
162202,0,0,0,0,0
162247,0,1,1,0,0
162307,1,0,0,1,0
162344,1,0,1,1,0
162395,0,0,0,0,2
162481,0,0,2,0,0
162487,1,0,0,1,0
162498,1,1,0,1,0
162506,1,0,1,1,0
162526,0,0,0,0,0
162555,0,1,1,0,0
162625,1,0,0,1,0
162722,1,0,0,1,0
162757,0,0,0,0,2
162767,0,0,0,0,0
162855,0,0,0,0,2
162912,1,0,0,1,0
162914,0,0,0,0,2
162940,1,0,0,1,0
163090,0,1,0,0,1
163115,0,0,0,0,0
163143,1,0,1,1,0
163151,1,0,0,1,0
163295,1,0,0,1,0
163297,1,0,0,1,0
163356,0,2,0,0,0
163431,0,0,2,0,0
163637,0,0,1,0,1
163689,0,0,1,0,0
163784,0,1,0,0,1
163793,0,0,0,0,0
163821,1,0,0,1,0
163832,1,1,0,1,0
163861,0,1,1,0,0
163931,0,0,2,0,0
163974,0,0,2,0,0
164014,0,0,2,0,0
164051,0,0,2,0,0
164081,0,1,1,0,0
164159,1,0,0,1,0
164331,1,0,0,1,0
164393,0,0,0,0,0
164422,0,0,0,0,2
164473,0,1,1,0,0
164504,1,0,0,1,0
164602,1,0,0,1,0
164632,1,0,0,1,0
164718,1,0,0,1,0
164735,0,0,2,0,0
164777,0,0,0,0,0
164866,0,0,2,0,0
164899,0,0,1,0,0
165097,1,0,0,1,0
165121,1,0,0,1,0
165142,1,0,1,1,0
165334,0,0,0,0,2
165349,0,0,0,0,0
165367,0,1,1,0,0
165399,0,1,0,0,1
165410,0,1,1,0,0
165419,1,1,0,1,0
165469,0,0,1,0,0
165508,1,0,1,1,0
165540,0,0,0,0,2
165552,1,0,1,1,0
165570,1,0,1,1,0
165584,0,1,1,0,0
165604,0,0,2,0,0
165610,0,0,1,0,1
165717,1,0,0,1,0
165745,1,0,1,1,0
165793,1,0,0,1,0
165794,1,0,0,1,0
165804,1,0,0,1,0
165853,1,0,0,1,0
165993,0,0,2,0,0
166092,1,0,0,1,0
166255,0,2,0,0,0
166261,1,0,0,1,0
166273,0,0,1,0,0
166379,0,1,1,0,0
166389,0,0,2,0,0
166418,0,1,1,0,0
166439,1,0,0,1,0
166467,1,0,0,1,0
166512,0,0,0,0,2
166532,0,0,2,0,0
166574,0,0,0,0,2
166694,0,1,1,0,0
166713,0,1,1,0,0
166720,1,0,0,1,0
166736,2,0,0,2,0
166828,0,0,0,0,0
166876,0,0,2,0,0
166905,1,0,1,1,0
167151,0,1,1,0,0
167324,0,0,2,0,0
167467,1,0,0,1,0
167522,1,0,0,1,0
167620,1,0,0,1,0
167628,1,0,0,1,0
167667,1,0,0,1,0
167726,0,0,2,0,0
167738,1,0,0,1,0
167773,0,0,0,0,0
167801,0,0,2,0,0
168027,0,1,0,0,0
168372,1,0,0,1,0
168415,1,0,0,1,0
168437,0,0,0,0,0
168466,1,0,0,1,0
168473,0,0,0,0,0
168524,1,1,0,1,0
168631,0,0,2,0,0
168634,1,0,0,1,0
168641,1,0,0,1,0
168711,0,0,1,0,1
168719,1,0,0,1,0
168723,0,0,2,0,0
168727,1,0,1,1,0
168787,0,0,2,0,0
168817,0,0,0,0,1
168822,0,0,2,0,0
168856,0,1,1,0,0
168861,1,0,0,1,0
168907,1,0,0,1,0
168917,1,0,0,1,0
169035,1,0,0,1,0
169133,0,0,0,0,0
169143,1,0,0,1,0
169153,1,0,0,1,0
169181,0,0,2,0,0
169395,1,0,0,1,0
169413,0,1,1,0,0
169445,0,0,0,0,0
169467,1,0,0,1,0
169476,1,0,1,1,0
169519,0,0,1,0,0
169668,0,0,2,0,0
169696,0,0,2,0,0
169761,1,0,0,1,0
169807,1,0,0,1,0
169845,1,0,1,1,0
169898,1,0,1,1,0
169998,0,0,2,0,0
170020,0,0,2,0,0
170022,0,0,2,0,0
170057,1,0,0,1,0
170064,0,0,2,0,0
170172,0,0,0,0,2
170222,1,0,0,1,0
170237,0,0,2,0,0
170313,0,0,0,0,0
170318,0,0,2,0,0
170351,1,0,0,1,0
170379,0,0,1,0,0
170395,1,0,0,1,0
170441,0,2,0,0,0
170459,0,0,0,0,0
170638,0,0,0,0,0
170711,0,0,2,0,0
170737,1,0,1,1,0
170742,0,0,1,0,0
171004,1,0,1,1,0
171073,0,0,2,0,0
171226,0,0,2,0,0
171386,1,0,0,1,0
171410,1,0,0,1,0
171644,0,0,0,0,0
171730,1,0,0,1,0
172008,1,0,0,1,0
172012,0,0,0,0,0
172029,0,1,1,0,0
172089,1,0,0,1,0
172141,1,1,0,1,0
172237,0,0,2,0,0
172254,0,0,2,0,0
172292,0,0,2,0,0
172397,1,0,0,1,0
172432,0,0,0,0,0
172438,1,0,1,1,0
172593,1,0,0,1,0
172602,2,0,0,2,0
172630,0,0,0,0,0
172778,1,0,0,1,0
172781,0,0,2,0,0
172938,1,0,0,1,0
172953,0,0,0,0,0
173019,0,0,0,0,0
173103,0,0,2,0,0
173150,0,0,2,0,0
173154,1,0,0,1,0
173174,0,0,1,0,0
173176,1,0,0,1,0
173246,0,0,1,0,1
173296,0,0,2,0,0
173400,0,0,2,0,0
173432,0,0,2,0,0
173461,0,1,0,0,1
173498,0,0,2,0,0
173524,1,0,0,1,0
173553,1,0,0,1,0
173602,0,0,2,0,0
173606,0,0,0,0,0
173711,0,0,1,0,1
173846,1,0,0,1,0
173850,0,0,0,0,0
173852,1,0,0,1,0
173895,0,0,2,0,0
173909,1,1,0,1,0
173961,1,0,0,1,0
174000,1,0,0,1,0
174031,0,2,0,0,0
174052,1,0,0,1,0
174057,1,0,0,1,0
174102,0,0,0,0,0
174108,0,1,0,0,1
174132,1,0,0,1,1
174218,0,1,0,0,0
174238,1,0,0,1,0
174291,1,0,0,1,0
174333,0,0,2,0,0
174368,0,0,2,0,0
174500,0,0,0,0,2
174559,1,1,0,1,0
174576,0,0,0,0,2
174668,0,0,1,0,1
174707,0,1,0,0,1
174735,0,0,0,0,0
174896,0,0,0,0,0
174999,1,0,0,1,0
175035,0,0,1,0,0
175089,1,0,0,1,0
175106,1,0,1,1,0
175107,0,0,0,0,0
175122,1,0,0,1,0
